{
  "tests": [
    {
      "name": "January 1905 - Starts on a Sunday",
      "setup": "g++ calendar.cpp",
      "run": "bash .testing/test.sh 1 1905",
      "input": "",
      "output": "",
      "comparison": "included",
      "timeout": 1,
      "points": 1
    },
    {
      "name": "February 2015 - Starts on a Sunday",
      "setup": "g++ ./calendar.cpp",
      "run": "bash .testing/test.sh 2 2015",
      "input": "",
      "output": "",
      "comparison": "included",
      "timeout": 1,
      "points": 1
    },
    {
      "name": "November 2020 - Starts on a Sunday",
      "setup": "g++ ./calendar.cpp",
      "run": "bash .testing/test.sh 11 2020",
      "input": "",
      "output": "",
      "comparison": "included",
      "timeout": 1,
      "points": 1
    },
    {
      "name": "May 2016 - Starts on a Sunday",
      "setup": "g++ ./calendar.cpp",
      "run": "bash .testing/test.sh 5 2016",
      "input": "",
      "output": "",
      "comparison": "included",
      "timeout": 1,
      "points": 1
    },
    {
      "name": "February 1920 - Starts on Sunday (+ Leap Year)",
      "setup": "g++ ./calendar.cpp",
      "run": "bash .testing/test.sh 2 1920",
      "input": "",
      "output": "",
      "comparison": "included",
      "timeout": 1,
      "points": 1
    },
    {
      "name": "February 1900 - Not Leap Year",
      "setup": "g++ ./calendar.cpp",
      "run": "bash .testing/test.sh 2 1900",
      "input": "",
      "output": "",
      "comparison": "included",
      "timeout": 1,
      "points": 1
    },
    {
      "name": "February 1904 - Leap Year",
      "setup": "g++ ./calendar.cpp",
      "run": "bash .testing/test.sh 2 1904",
      "input": "",
      "output": "",
      "comparison": "included",
      "timeout": 1,
      "points": 1
    },
    {
      "name": "February 2000 - Leap Year",
      "setup": "g++ ./calendar.cpp",
      "run": "bash .testing/test.sh 2 2000",
      "input": "",
      "output": "",
      "comparison": "included",
      "timeout": 1,
      "points": 1
    },
    {
      "name": "March 2000 - Following February Leap Year",
      "setup": "g++ ./calendar.cpp",
      "run": "bash .testing/test.sh 3 2000",
      "input": "",
      "output": "",
      "comparison": "included",
      "timeout": 1,
      "points": 1
    },
    {
      "name": "April 2050",
      "setup": "g++ ./calendar.cpp",
      "run": "bash .testing/test.sh 4 2050",
      "input": "",
      "output": "",
      "comparison": "included",
      "timeout": 1,
      "points": 1
    },
    {
      "name": "December 2099",
      "setup": "g++ ./calendar.cpp",
      "run": "bash .testing/test.sh 12 2099",
      "input": "",
      "output": "",
      "comparison": "included",
      "timeout": 1,
      "points": 1
    },
    {
      "name": "September 4005",
      "setup": "g++ ./calendar.cpp",
      "run": "bash .testing/test.sh 9 4005",
      "input": "",
      "output": "",
      "comparison": "included",
      "timeout": 1,
      "points": 1
    },
    {
      "name": "July 3005",
      "setup": "g++ ./calendar.cpp",
      "run": "bash .testing/test.sh 7 3005",
      "input": "",
      "output": "",
      "comparison": "included",
      "timeout": 1,
      "points": 1
    },
    {
      "name": "June 9999",
      "setup": "g++ ./calendar.cpp",
      "run": "bash .testing/test.sh 6 9999",
      "input": "",
      "output": "",
      "comparison": "included",
      "timeout": 1,
      "points": 1
    },
    {
      "name": "August 65001",
      "setup": "g++ ./calendar.cpp",
      "run": "bash .testing/test.sh 8 65001",
      "input": "",
      "output": "",
      "comparison": "included",
      "timeout": 1,
      "points": 1
    }
  ]
}